sequence,role,message
1,user,"Asked to change the Lucky Draw top text from Gum Gum to Jelly Belly."
2,assistant,"Updated the Lucky Draw branding text to Jelly Belly."
3,user,"Asked to move the candy bag 10% to the left, show an English prompt on the right before opening, replace the prompt with the drawn candy after opening, and show a come-back-tomorrow line underneath."
4,assistant,"Moved the bag left, created the right-side prompt/result area, and moved the drawn candy result off the bag."
5,user,"Asked to make the prompt text smaller and split it into two lines."
6,assistant,"Adjusted the Lucky Draw prompt typography."
7,user,"Asked to make the prompt font smaller."
8,assistant,"Reduced the prompt font size."
9,user,"Asked to make the prompt display on one full line."
10,assistant,"Changed the prompt to display as one line."
11,user,"Said the result visuals were not suitable."
12,assistant,"Adjusted the lucky result presentation."
13,user,"Asked to remove the square background from the result, keep only the circular color fill, and remove the abbreviation letter."
14,assistant,"Removed the square result background and abbreviation from the lucky result."
15,user,"Asked to change the colorful Gallery/List and Explore More buttons to match the background style in the reference screenshot."
16,assistant,"Updated the button styling to match the soft pill background style."
17,user,"Asked to keep only Bean Number and Flavor filter features, remove color group information from the detail page, and redesign the filter layout with Search on one row and Sort By/Order on the next."
18,assistant,"Simplified filters, removed color group from the detail view, and reorganized the search and sort controls."
19,user,"Asked gallery view to show 20 flavors per page and allow users to change pages."
20,assistant,"Added gallery pagination with 20 flavors per page."
21,user,"Asked to change Try/Like/Dislike/Wish into two buttons per row for tasted/not tasted and wishlist, preferably using icons, and only show Like/Dislike on the detail page after the user marks a flavor as tasted."
22,assistant,"Refactored collection controls into Taste/Tasted and Wish buttons, and added conditional Like/Dislike controls on detail pages."
23,user,"Asked to make ingredients display like a food ingredient label as one paragraph instead of separated chips."
24,assistant,"Converted ingredients from separate pills into one continuous paragraph."
25,user,"Asked to remove bold styling and the outlined box from ingredients."
26,assistant,"Removed the ingredients border/background and made the paragraph normal weight."
27,user,"Asked to add about two lines of distance between the title and the ingredients body."
28,assistant,"Adjusted spacing between the Flavor formula title and ingredients paragraph."
29,user,"Asked to reduce the ingredients body to one line because it was too much."
30,assistant,"Condensed the ingredients paragraph styling."
31,user,"Asked to add a head bar with a Luck Draw button on the left and a profile icon button on the right linking to the final page, delete the second screenshot content, unify the last page background with the first two pages, remove Favorite Color and Tasting Mood, and make the last page rectangle one-fifth of its current size."
32,assistant,"Created the header navigation, simplified the profile section, unified the background, and reduced the profile card footprint."
33,user,"Asked to make the transition between page two and three match the transition between page one and two, make the head bar background white, and align nav content to the right with appropriate spacing."
34,assistant,"Adjusted section transitions and changed the head bar into a white, right-aligned navigation bar."
35,user,"Asked to remove Collector profile and leave only User Name plus an input."
36,assistant,"Removed the visible Collector profile title and simplified the user name form."
37,user,"Asked for the whole navigation bar to be white, make Taste/Wish buttons longer, and adjust profile/stat rectangles and font sizes so the UI/UX looks better."
38,assistant,"Made the nav a full white bar and refined card/button sizes, heights, and typography."
39,user,"Clarified that the nav bar should be similar to the reference, only with content on the right, and keep the app's current style."
40,assistant,"Kept the app's candy style while making the nav a full-width top bar with right-aligned content."
41,user,"Asked to clean unused code, verify Vite base and BrowserRouter basename for GitHub Pages, use Link instead of a tags, and ensure no inline styles, inline script tags, or layout tables."
42,assistant,"Cleaned unused assets and CSS, confirmed base '/mp2/' and BrowserRouter basename, replaced anchors with Links, removed inline React styles, and verified no layout tables."
43,user,"Shared a GitHub Pages deploy error showing a 404 deployment failure."
44,assistant,"Explained that the code was likely correct and GitHub Pages needed to be enabled with Source set to GitHub Actions."
45,user,"Asked why Actions did not rerun after making changes."
46,assistant,"Checked the local git/workflow status, confirmed the latest run existed, and explained that changing Pages settings does not automatically rerun the workflow."
47,user,"Said the navigation bar clicks did not work and did not link to each page."
48,assistant,"Added a HashScroller component using React Router location so nav hash links scroll to Lucky Draw, Explore More, and Profile from the homepage or detail page, then verified lint and build."
